IOPAC,PACFIN_PORT_CODE,Pacfin Port Name,Pacfin Port Description,Agency Name,PACFIN_LAT,PACFIN_LONG,Map_order,"in LB.ShortForm.with.Hake.Strat, 24 Mar 2022",PRIMARY_LATITUDE,PRIMARY_LONGITUDE,STATE
Fort Bragg,ALB,ALBION,ALBION,CDFW,39.225327,-123.757586,63,,,,
San Francisco,ALM,ALAMEDA,ALAMEDA,CDFW,37.741911,-122.259914,75,,,,
Astoria,AST,ASTORIA,ASTORIA,ODFW,46.187375,-123.815073,26,x,46.187375,-123.815073,Oregon
Fort Bragg,ARE,PNT ARENA,POINT ARENA,CDFW,38.912314,-123.695593,64,,,,
Bodega Bay,BDG,BODEGA BAY,BODEGA BAY,CDFW,38.327215,-123.02923,66,x,38.327215,-123.02923,California
Brookings,BRK,BROOKINGS,BROOKINGS,ODFW,42.072408,-124.304909,50,x,42.072408,-124.304909,Oregon
Monterey,BCR,BIG CREEK,BIG CREEK,CDFW,37.203565,-119.248489,83,,,,
Bodega Bay,BDA,BODEGA,BODEGA BAY AREA PORTS,CDFW,38.327215,-123.02923,65,,,,
Brookings,ORF,ORFORD,PORT ORFORD,ODFW,42.749276,-124.498118,47,x,42.072408,-124.304909,Oregon
Coos Bay,BDN,BANDON,BANDON,ODFW,43.11469,-124.41552,46,,,,
Fort Bragg,BGA,BRAGG,FORT BRAGG AREA PORTS,CDFW,39.439803,-123.801757,60,,,,
San Francisco,BKL,BERKELEY,BERKELEY,CDFW,37.866972,-122.299147,72,,,,
Coos Bay,COS,COOS BAY,Charleston (Coos Bay),ODFW,43.381126,-124.232597,45,x,43.381126,-124.232597,Oregon
Coos Bay,FLR,FLORENCE,FLORENCE,ODFW,43.991632,-124.106456,42,x,43.381126,-124.232597,Oregon
San Francisco,BOL,BOLINAS,BOLINAS,CDFW,37.917725,-122.709502,71,,,,
Brookings,BRA,BROOKINGS,BROOKINGS AREA PORTS,ODFW,42.072408,-124.304909,49,,,,
Coos Bay,WIN,WINCHESTER,WINCHESTER BAY,ODFW,43.669982,-124.186938,43,x,43.381126,-124.232597,Oregon
Crescent City,CRS,CRESCENT,CRESCENT CITY,CDFW,41.764514,-124.200779,52,x,41.764514,-124.200779,California
Coos Bay,CBA,COOS BAY,COOS BAY AREA PORTS,ODFW,43.381126,-124.232597,44,,,,
Crescent City,CCA,CRESCENT,CRESCENT CITY AREA PORTS,CDFW,41.764514,-124.200779,51,,,,
Astoria,CNB,CANNON BCH,CANNON BEACH,ODFW,45.888,-123.960133,28,,,,
Crescent City,ODN,O D NORTE,OTHER DEL NORTE COUNTY PORTS,,41.5324134,-124.0074855,53,x,41.764514,-124.200779,California
WA Coast,CPL,COPALIS,COPALIS BEACH,WDFW,47.124571,-124.166453,20,,,,
Eureka,ERK,EUREKA,EUREKA,CDFW,40.793401,-124.155246,56,x,40.793401,-124.155246,California
Columbia River,CRV,COL RIVER,PSUEDO PORT CODE FOR COLUMBIA RIVER,ODFW,45.637156,-122.596567,30,,,,
Eureka,OHB,O HUMBOLDT,OTHER HUMBOLDT COUNTY PORTS,CDFW,40.579891,-124.261909,58,x,40.793401,-124.155246,California
Los Angeles,DNA,DANA POINT,DANA POINT,CDFW,33.475452,-117.693087,107,,,,
Newport,DPO,DEPOE BAY,DEPOE BAY,ODFW,44.809106,-124.059688,36,,,,
Eureka,ERA,EUREKA,EUREKA AREA PORTS,CDFW,40.793401,-124.155246,55,,,,
Fort Bragg,BRG,FORT BRAGG,FORT BRAGG,CDFW,39.439803,-123.801757,61,x,39.439803,-123.801757,California
Puget Sound,EVR,EVERETT,EVERETT,WDFW,47.956452,-122.191349,12,,,,
Eureka,FLN,FIELDS LDG,FIELDS LANDING,CDFW,40.724236,-124.218603,57,,,,
Los Angeles,SP,SAN PEDRO,SAN PEDRO,CDFW,34.019394,-118.410825,102,x,34.019394,-118.410825,California
Puget Sound,FRI,FRIDAY H.,FRIDAY HARBOR,WDFW,48.533947,-123.018995,4,,,,
Brookings,GLD,GOLD BEACH,GOLD BEACH,ODFW,42.413297,-124.422162,48,,,,
WA Coast,GRH,GRAYS HRBR,GRAYS HARBOR,WDFW,46.977202,-123.909716,22,,,,
Astoria,GSS,GEARHART,GEARHART - SEASIDE,ODFW,46.031719,-123.918479,27,,,,
Los Angeles,TRM,TERMINAL I,TERMINAL ISLAND,CDFW,34.019394,-118.410825,103,x,34.019394,-118.410825,California
Los Angeles,LAA,LA,LOS ANGELES AREA PORTS,CDFW,34.019394,-118.410825,100,,,,
Monterey,CRZ,SANTA CRUZ,SANTA CRUZ,CDFW,36.974385,-122.0352679,84,x,36.601193,-121.88311,California
Monterey,MNT,MONTEREY,MONTEREY,CDFW,36.601193,-121.88311,88,x,36.601193,-121.88311,California
Los Angeles,LGB,LONG BEACH,LONG BEACH,CDFW,33.77808,-118.167103,105,,,,
Monterey,MOS,MOSS LNDG,MOSS LANDING,CDFW,36.805389,-121.786577,86,x,36.601193,-121.88311,California
Morro Bay,MCR,MILL CREEK,MILL CREEK,CDFW,40.402713,-121.550844,59,,,,
Monterey,MNA,MONTEREY,MONTEREY AREA PORTS,CDFW,36.601193,-121.88311,87,,,,
Monterey,OCM,O SCRZ/MTR,OTHER SANTA CRUZ AND MONTEREY COUNTY PORTS,CDFW,36.940245,-121.795245,85,x,36.601193,-121.88311,California
Morro Bay,AVL,AVILA,AVILA,CDFW,35.199355,-120.720757,93,x,35.367289,-120.869205,California
Morro Bay,MRA,MORRO,MORRO BAY AREA PORTS,CDFW,35.367289,-120.869205,90,,,,
Morro Bay,MRO,MORRO BAY,MORRO BAY,CDFW,35.367289,-120.869205,91,x,35.367289,-120.869205,California
Morro Bay,OSL,O S LUIS,OTHER SAN LUIS OBISPO COUNTY PORTS,CDFW,35.263501,-120.662387,92,x,35.367289,-120.869205,California
Newport,NEW,NEWPORT,NEWPORT,ODFW,44.620869,-124.043041,38,x,44.620869,-124.043041,Oregon
Tillamook,NHL,NEHALEM,NEHALEM BAY,ODFW,45.719528,-123.894023,29,,,,
Newport,NPA,NEWPORT,NEWPORT AREA PORTS,ODFW,44.620869,-124.043041,39,,,,
Puget Sound,NPS,N PUGET S,NORTH PUGET SOUND PORTS,WDFW,,,109,,,,
Tillamook,NTR,NETARTS,NETARTS BAY,ODFW,45.435624,-123.934386,34,,,,
Los Angeles,NWB,NEWPORT B.,NEWPORT BEACH,CDFW,33.597133,-117.890263,106,,,,
North WA Coast,LAP,LA PUSH,LA PUSH,WDFW,47.9063301,-124.6215221,13,x,47.9063301,-124.6215221,Washington
North WA Coast,NEA,NEAH BAY,NEAH BAY,WDFW,48.360976,-124.611544,7,x,47.9063301,-124.6215221,Washington
North WA Coast,PAG,PT ANGELES,PORT ANGELES,WDFW,48.119236,-123.448013,10,x,47.9063301,-124.6215221,Washington
North WA Coast,TNS,TOWNSEND,PORT TOWNSEND,WDFW,48.121762,-122.787876,9,x,47.9063301,-124.6215221,Washington
Puget Sound,ANA,ANACORTES,ANACORTES,WDFW,48.488725,-122.62398,5,x,47.619349,-122.351471,Washington
WA Coast,OCR,O COL WA,OTHER COLUMBIA RIVER PORTS,WDFW,48.218795,-122.679466,8,,,,
Puget Sound,BLL,BELLINGHAM,BELLINGHAM BAY,WDFW,48.788096,-122.555162,3,x,47.619349,-122.351471,Washington
Puget Sound,BLN,BLAINE,BLAINE,WDFW,48.98719,-122.74877,1,x,47.619349,-122.351471,Washington
Los Angeles,OLA,O LA/ORG,Other LA and Orange Cnty Ports,CDFW,34.019394,-118.410825,101,,,,
Puget Sound,OLY,OLYMPIA,OLYMPIA,WDFW,47.040604,-122.895,21,,,,
Fort Bragg,OMD,O MENDOCNO,OTHER MENDOCINO COUNTY PORTS,CDFW,39.311404,-123.812552,62,,,,
Puget Sound,ONP,O N PUGET,OTHER NORTH PUGET SOUND PORTS,WDFW,48.984669,-123.059496,2,,,,
Puget Sound,LAC,LA CONNER,LA CONNER,WDFW,48.392564,-122.494453,6,x,47.619349,-122.351471,Washington
Puget Sound,SEA,SEATTLE,SEATTLE,WDFW,47.619349,-122.351471,16,x,47.619349,-122.351471,Washington
San Diego,OSD,O S DIEGO,OTHER SAN DIEGO COUNTY PORTS,CDFW,37.317705,-122.25843,80,,,,
San Diego,OCN,OCEANSIDE,OCEANSIDE,CDFW,33.224601,-117.306291,108,x,33.224601,-117.306291,California
San Diego,SD,SAN DIEGO,SAN DIEGO,CDFW,37.317705,-122.25843,81,x,33.224601,-117.306291,California
Bodega Bay,OSM,O SNMA/MRN,OTHER SONOMA AND MARIN COUNTY OUTER COAST PORTS,CDFW,38.290331,-122.459831,67,,,,
Puget Sound,OSP,O S PUGET,OTHER SOUTH PUGET SOUND PORTS,WDFW,47.668614,-122.9166,14,,,,
Unknown Ports,OWA,UNKN WASH,OTHER OR UNKNOWN WASHINGTON PORTS,,,,112,,,,
Other Coastal Washington,OWC,O WA COAST,OTHER WASHINGTON COASTAL PORTS,WDFW,47.526341,-124.344762,17,,,,
San Francisco,OAK,OAKLAND,OAKLAND,CDFW,37.769846,-122.22569,74,x,37.769846,-122.22569,California
San Francisco,OSF,O SF/SMTEO,OTHER S. F. BAY AND SAN MATEO COUNTY PORTS,CDFW,37.685467,-121.762518,78,x,37.769846,-122.22569,California
Tillamook,PCC,PACIFIC,PACIFIC CITY,ODFW,45.205273,-123.954237,35,,,,
San Francisco,PRN,PRINCETON,PRINCETON / HALF MOON BAY,CDFW,37.467319,-122.440485,79,x,37.769846,-122.22569,California
San Francisco,RCH,RICHMOND,RICHMOND,CDFW,37.952278,-122.360609,70,,,,
Bodega Bay,RYS,PT. REYES,POINT REYES,CDFW,38.084647,-122.809226,69,,,,
San Francisco,SF,SF,SAN FRANCISCO,CDFW,37.727239,-123.032229,76,x,37.769846,-122.22569,California
Santa Barbara,SBA,BARBARA,SANTA BARBARA AREA PORTS,CDFW,34.400601,-119.712955,96,,,,
Santa Barbara,HNM,PT HUENEME,PORT HUENEME,CDFW,34.162143,-119.204177,99,x,34.199436,-119.207515,California
San Diego,SDA,DIEGO,SAN DIEGO AREA PORTS,CDFW,37.317705,-122.25843,82,,,,
Santa Barbara,OBV,O SB/VEN,OTHER SANTA BARBARA AND VENTURA COUNTY PORTS,CDFW,34.435438,-119.858964,94,x,34.199436,-119.207515,California
North WA Coast,SEQ,SEQUIM,SEQUIM,WDFW,48.073679,-123.087802,11,,,,
Santa Barbara,OXN,OXNARD,OXNARD,CDFW,34.199436,-119.207515,98,x,34.199436,-119.207515,California
San Francisco,SFA,SF,SAN FRANCISCO AREA PORTS,CDFW,37.727239,-123.032229,77,,,,
Puget Sound,SHL,SHELTON,SHELTON,WDFW,47.218912,-123.11119,19,,,,
Morro Bay,SIM,MILL CREEK,SAN SIMEON,CDFW,35.618206,-121.137438,89,,,,
Bodega Bay,SLT,SAUSALITO,SAUSALITO,CDFW,37.858369,-122.491844,73,,,,
Newport,SLZ,SILETZ,SILETZ BAY,ODFW,44.721835,-123.918677,37,,,,
Santa Barbara,SB,S. BARBARA,SANTA BARBARA,CDFW,34.400601,-119.712955,95,x,34.199436,-119.207515,California
Puget Sound,SPS,S PUGET S,SOUTH PUGET SOUND PORTS,WDFW,47.668614,-122.9166,15,,,,
Tillamook,SRV,SAMN RIVER,SALMON RIVER,ODFW,45.560783,-123.91135,31,,,,
Puget Sound,TAC,TACOMA,TACOMA,WDFW,47.252199,-122.459832,18,,,,
Tillamook,TLA,TILLAMOOK,TILLAMOOK AREA PORTS,ODFW,45.560783,-123.91135,32,,,,
Tillamook,TLL,TLMK/GRBLD,TILLAMOOK/GARIBALDI,ODFW,45.456123,-123.833145,33,x,45.456123,-123.833145,Oregon
Bodega Bay,TML,TOMALES,TOMALES BAY,CDFW,38.24703,-122.905355,68,,,,
Unknown Ports,OCA,OTHER CAL,OTHER OR UNKNOWN CALIFORNIA PORTS,,,,110,x,NA,NA,NA
Unknown Ports,OOR,,,,,,111,x,NA,NA,NA
Eureka,TRN,TRINIDAD,TRINIDAD,CDFW,41.057708,-124.143255,54,,,,
Santa Barbara,VEN,VENTURA,VENTURA,CDFW,34.26778,-119.254206,97,,,,
Unknown Ports,WAL,,,,,,113,,,,
WA Coast,LWC,ILWCO/CHNK,ILWACO/CHINOOK,WDFW,46.312687,-124.026732,25,x,46.891815,-124.119847,Washington
WA Coast,WLB,WILLAPA,WILLAPA BAY,WDFW,46.683742,-123.735259,24,,,,
Newport,WLD,WALDPORT,WALDPORT,ODFW,44.418366,-124.066234,40,,,,
Los Angeles,WLM,WILLMNGTN,WILLMINGTON,CDFW,34.019394,-118.410825,104,,,,
WA Coast,WPT,WESTPORT,WESTPORT,WDFW,46.891815,-124.119847,23,x,46.891815,-124.119847,Washington
Newport,YAC,YACHATS,YACHATS,ODFW,44.311758,-124.101392,41,,,,